{"num_leaves": 265, "learning_rate": 0.0010021900697186048, "feature_fraction": 0.4167033053871606, "bagging_fraction": 0.6856428149011357, "bagging_freq": 7, "min_data_in_leaf": 95, "max_depth": 3, "lambda_l1": 1.2922500362060498, "lambda_l2": 1.3281652280297107, "min_gain_to_split": 0.3759271844002766, "objective": "regression", "metric": "None"}