{"num_leaves": 439, "learning_rate": 0.02651028762503521, "feature_fraction": 0.8720499830243962, "bagging_fraction": 0.9846969614646556, "bagging_freq": 7, "min_data_in_leaf": 59, "max_depth": 16, "lambda_l1": 0.23731324768160023, "lambda_l2": 3.760900279594698, "min_gain_to_split": 0.03595413253429805, "objective": "regression", "metric": "None"}